teacher_id,gender,faculty,institute,title_id
0,1,2,I-22,
1,1,4,I-28,
24,1,11,W-11,8
28,1,4,K0401,8
111,,,,29
307,1,11,I-18,
316,1,11,I-18,
323,1,2,I-22,15
324,1,2,I-22,1
325,1,2,I-22,3
326,1,2,I-22,
328,1,2,I-22,3
329,1,2,I-22,3
330,1,2,I-22,3
331,1,2,I-22,
332,1,2,I-22,3
333,1,2,I-22,29
334,1,2,I-23,
335,1,2,I-23,
336,1,2,I-23,3
337,1,2,I-23,3
338,1,2,I-22,1
339,1,2,I-22,
340,1,2,I-22,3
341,1,2,I-22,3
342,1,2,I-22,
343,1,2,I-22,
344,1,2,I-22,
345,1,2,I-22,
346,1,2,I-22,3
347,1,2,I-22,15
370,1,,I-12,29
371,1,,I-12,
372,1,2,I-22,
373,1,,I-12,29
374,1,2,I-23,
375,1,2,I-22,3
376,1,2,I-22,15
377,2,2,I-22,3
378,1,2,I-22,3
379,2,2,I-22,3
380,1,,I-13,
381,1,2,I-22,
382,1,2,I-22,3
383,1,2,I-22,3
384,1,2,I-23,3
385,1,2,I-23,
386,1,2,I-23,
387,1,2,I-23,
388,1,2,I-23,8
389,1,2,I-23,3
390,1,2,I-22,3
391,1,2,I-23,3
392,1,2,I-23,
393,1,2,I-23,3
516,1,11,I-18,
560,1,,I-8,
561,1,,I-8,
562,1,10,I-19,
563,1,2,I-29,
564,1,2,I-29,
1007,1,,,
1008,1,,,
1049,1,,,3
1050,1,,,
1051,1,,,29
1052,1,,,29
1055,,,,
1057,,,,
1060,1,,I-12,
1061,1,,,3
1065,1,,,3
1075,1,,,
1076,1,,,29
1086,1,,,
1099,,,,
1153,,,,
2003,1,2,I-2,
4001,1,4,K0401,30
4002,1,4,Z0401,30
4003,2,4,,
4004,1,4,K0401,30
4005,1,4,Z0401,8
4006,1,11,W-11,8
4007,1,4,K0401,8
4008,1,11,W-11,8
4009,2,4,K0401,8
4010,1,4,Z0401,8
4011,1,4,Z0401,8
4012,1,4,K0401,8
4013,1,4,Z0401,8
4014,1,4,K0401,8
4015,1,4,Z0401,8
4016,1,4,K0401,8
4017,1,4,K0401,8
4018,1,11,W-11,
4019,1,4,Z0401,8
4020,1,4,K0401,8
4021,1,4,Z0401,8
4022,2,4,K0401,8
4023,2,11,W-11,8
4024,1,11,W-11,8
4025,1,4,Z0401,8
4026,1,4,Z0401,8
4027,1,4,Z0401,8
4028,1,4,K0401,8
4029,2,4,K0401,8
4030,1,4,K0401,
4031,1,4,Z0401,8
4032,1,4,Z0401,8
4033,2,4,Z0401,2
4034,1,4,,2
4035,1,4,K0401,2
4036,1,4,,
4037,1,4,K0401,8
4038,1,8,I-17,30
4039,1,4,Z0402,30
4040,1,8,I-17,30
4041,1,4,Z0402,30
4042,1,4,Z0402,30
4043,1,8,Z0402,
4044,1,8,I-17,8
4045,1,8,I-17,
4046,1,8,I-17,
4047,1,8,I-17,2
4048,1,8,I-17,2
4049,1,4,Z0402,2
4050,1,4,Z0402,2
4051,1,4,Z0402,2
4052,1,4,I-6,2
4053,1,4,I-6,2
4054,1,8,I-17,
4055,1,4,I-6,8
4056,1,2,I-23,8
4057,1,4,I-6,24
4058,1,4,I-6,8
4059,1,4,,
4060,1,4,I-6,8
4061,1,4,I-28,
4062,2,4,I-6,8
4063,1,4,I-6,8
4064,2,4,I-6,2
4065,1,4,I-6,2
4066,1,4,Z0402,2
4067,1,4,I-6,8
4068,1,4,,2
4069,1,4,I-6,24
4070,1,4,I-6,30
4071,1,4,I-6,30
4072,1,4,I-6,24
4073,1,4,I-6,21
4074,1,4,,
4075,1,4,I-6,8
4076,1,4,I-6,8
4077,1,4,I-6,24
4078,1,4,I-6,23
4079,1,4,I-6,8
4080,1,4,I-6,8
4081,1,4,I-6,8
4082,2,4,I-6,8
4083,1,4,I-6,30
4084,1,4,I-6,8
4085,1,4,I-6,2
4086,1,4,I-6,8
4087,1,4,,30
4088,1,4,I-6,8
4089,1,4,I-6,2
4090,1,4,I-6,2
4091,2,4,I-6,2
4092,1,4,,
4093,1,4,I-6,8
4094,1,4,I-6,8
4095,1,2,I-22,21
4096,1,4,I-6,8
4097,1,4,,2
4098,1,4,I-6,8
4099,1,4,I-6,2
4100,1,4,I-6,24
4101,1,4,I-6,8
4102,2,4,I-6,8
4103,1,4,I-6,2
4104,1,4,,2
4105,1,4,I-6,2
4106,1,4,I-6,8
4107,1,4,I-6,8
4108,1,4,I-6,8
4109,2,4,I-6,8
4110,1,4,I-6,8
4111,1,4,I-6,8
4112,1,4,,
4113,1,4,I-6,8
4114,1,4,I-6,30
4115,2,4,I-6,8
4116,1,4,I-6,30
4117,1,4,I-6,8
4118,2,4,I-6,8
4119,1,4,I-6,8
4120,1,4,I-6,8
4121,1,4,I-6,2
4122,1,4,I-6,21
4123,1,4,I-6,2
4124,1,4,I-6,8
4125,1,4,I-6,30
4126,1,4,I-6,8
4127,1,4,I-6,2
4128,1,4,I-6,8
4129,1,4,I-6,8
4130,1,4,I-6,2
4131,1,4,I-6,8
4132,1,4,I-6,30
4133,1,4,,
4134,1,4,I-6,8
4135,1,4,I-25,30
4136,1,4,I-25,30
4137,1,4,I-25,28
4138,1,4,I-25,30
4139,1,4,I-25,30
4140,1,4,I-25,30
4141,1,4,I-25,30
4142,1,4,I-25,30
4143,1,4,I-25,28
4144,1,4,I-25,30
4145,1,4,I-25,
4146,1,4,I-25,14
4147,1,4,I-25,8
4148,2,4,I-25,8
4149,2,4,I-25,8
4150,1,4,I-25,
4151,1,4,I-25,8
4152,1,4,I-6,
4153,2,4,I-25,8
4154,1,4,I-25,8
4155,1,4,I-25,8
4156,1,4,I-25,8
4157,1,4,I-25,30
4158,1,4,I-25,8
4159,2,4,I-25,8
4160,1,4,I-25,8
4161,1,4,I-25,8
4162,1,4,I-25,30
4163,1,4,I-25,8
4164,2,4,I-25,8
4165,1,4,I-25,8
4166,1,4,I-25,8
4167,1,4,I-25,8
4168,2,4,I-25,8
4169,1,4,I-25,8
4170,1,4,I-25,8
4171,1,4,I-25,8
4172,1,4,I-25,8
4173,1,4,I-25,8
4174,1,4,I-25,8
4175,1,4,I-25,8
4176,1,4,I-25,
4177,1,4,I-25,
4178,1,4,I-25,8
4179,1,4,I-25,8
4180,1,4,I-25,8
4181,1,4,I-25,2
4182,1,4,I-28,30
4183,1,4,I-28,30
4184,1,4,I-28,30
4185,1,4,I-28,30
4186,1,4,I-28,30
4187,1,4,I-28,30
4188,1,4,I-28,30
4189,1,4,I-28,8
4190,1,4,I-28,14
4191,1,4,I-28,31
4192,1,4,I-28,8
4193,1,4,I-28,8
4194,1,4,I-28,30
4195,1,4,I-28,8
4196,1,4,I-28,8
4197,1,4,I-28,21
4198,1,4,I-28,8
4199,1,4,I-28,21
4200,1,4,I-28,
4201,1,4,I-28,8
4202,1,4,I-28,8
4203,1,4,I-28,21
4204,1,4,I-28,
4205,1,4,I-28,21
4206,1,4,I-28,8
4207,1,4,I-28,8
4208,1,4,I-28,8
4209,1,4,I-28,8
4210,1,4,I-28,8
4211,1,4,I-28,8
4212,1,4,I-28,8
4213,1,4,I-28,8
4214,1,4,I-28,8
4215,1,4,I-28,8
4216,1,4,I-28,8
4217,1,4,I-28,8
4218,1,4,I-28,8
4219,1,4,I-28,8
4220,1,4,I-28,8
4221,1,4,I-28,21
4222,1,4,I-28,8
4223,1,4,I-28,
4224,1,4,I-28,21
4225,1,4,I-28,8
4226,1,4,I-28,8
4227,1,4,I-28,8
4228,1,4,I-28,8
4229,1,4,I-28,21
4230,1,4,I-28,8
4231,1,4,I-28,8
4232,1,4,I-28,8
4233,1,4,I-28,8
4234,1,4,I-28,8
4235,1,4,I-28,8
4236,1,4,I-28,8
4237,1,4,I-28,30
4238,1,4,I-28,8
4239,1,4,I-28,8
4240,1,4,I-28,8
4241,1,4,I-28,8
4242,1,4,I-28,21
4243,1,4,I-28,8
4244,1,4,I-28,8
4245,1,4,I-28,8
4246,1,4,I-28,8
4247,1,4,K0401,2
4248,1,4,I-28,8
4249,1,4,I-28,8
4250,1,4,I-28,8
4251,1,4,I-28,8
4252,1,4,I-28,8
4253,1,4,I-6,2
4254,1,4,I-6,2
4255,2,4,I-28,8
4256,1,4,I-28,
4257,1,4,I-28,2
4258,2,4,I-28,8
4259,1,4,I-28,
4260,1,4,I-28,
4261,1,4,I-28,
4262,1,4,I-6,
4263,2,4,I-25,
4264,2,4,Z0402,
4265,1,8,I-17,
4266,1,4,I-28,2
4267,1,4,I-28,8
4268,1,4,,
4269,1,4,I-6,8
4270,1,4,I-6,8
4271,1,4,I-28,8
4272,1,8,I-17,
4273,1,4,I-6,
4274,1,4,I-6,
4275,1,4,I-6,
4276,1,4,I-28,
4277,1,4,I-28,
4278,1,4,I-28,
4279,1,4,I-28,
4280,1,4,I-28,
4281,1,4,I-28,
4282,1,4,I-28,
4283,1,4,I-28,
4284,1,4,I-28,
4285,1,4,Z0402,
4286,1,4,I-6,
4287,1,4,K0401,
4288,1,4,I-25,
4289,1,4,I-6,
4290,1,4,I-6,
4291,1,4,I-6,
4292,1,4,I-6,
4293,1,4,I-6,
4294,1,4,I-6,
4295,1,4,K0401,
4296,1,4,I-6,8
4297,1,4,I-25,8
4298,1,4,I-25,
4299,2,4,I-25,
4300,1,4,K0401,3
4301,1,11,I-18,3
4302,1,4,I-28,
4303,1,4,I-28,
4304,1,4,I-28,
4305,1,4,I-28,
4306,1,4,I-28,
4307,1,4,I-25,
4308,1,4,I-25,
4309,1,4,Z0402,
4310,1,4,Z0402,
4311,1,4,I-6,
4312,1,4,I-6,
4313,1,4,I-6,
4314,1,4,I-6,
4315,1,4,I-6,
4316,1,4,Z0402,
4317,1,4,Z0402,
4318,1,4,I-28,
4319,1,4,I-6,
4320,1,4,K0401,
4321,1,4,K0401,
4322,1,4,I-28,
4323,1,4,K0401,
4324,2,4,Z0402,
4325,1,4,I-6,
4326,1,4,I-6,
4327,1,4,I-28,
4328,1,4,I-28,
4329,1,4,I-28,
4330,1,4,I-28,
4331,1,4,I-28,
4332,1,4,I-25,
4333,1,4,I-25,
4334,1,,I-25,
4335,1,,I-6,
4336,1,,I-6,
4337,1,,I-6,
4338,1,,I-6,
4339,1,,I-6,
4340,1,,I-6,
4341,1,,I-6,
4342,1,,I-6,
4343,1,,I-6,
4344,2,,I-6,
4345,1,,K0401,
4346,1,,I-25,
4347,1,,I-25,
4348,1,,I-25,
4349,1,,I-25,
4350,1,,I-25,
4351,1,,I-25,
4352,1,,I-25,
4353,1,,I-25,
4354,1,,I-25,
4355,1,,I-25,
4356,1,,I-25,
4357,1,,I-25,
4358,1,,I-25,
4359,2,2,I-21,2
4360,2,2,I-29,8
4361,1,4,Z0401,
4362,1,2,I-29,
4363,2,4,K0401,8
4364,2,2,I-29,2
4365,1,2,I-21,
4366,1,2,I-29,21
4367,1,2,I-29,2
4368,1,2,I-29,
4369,1,2,I-29,
4370,1,,I-25,
4371,2,,I-25,
4372,1,,I-25,
4373,1,,I-25,
4374,1,,I-25,
4375,1,,I-25,
4376,1,,I-25,
4377,2,,I-25,
4378,1,,I-25,
4379,2,,I-25,
4380,1,,I-6,
4381,1,,I-6,
4382,1,,I-6,
4383,1,,I-6,
4384,1,,I-6,
4385,1,,I-6,
4386,1,,I-6,
4387,1,,I-6,
4388,1,,I-6,
4389,1,,Z0402,
4390,1,,I-28,
4391,2,,I-28,
4392,1,,I-28,
4393,1,,I-28,
4394,1,4,I-28,2
4395,1,,I-28,
4396,1,,I-28,
4397,1,,I-28,
4398,1,,Z0402,
4399,1,,Z0402,
4400,1,,Z0402,
4401,1,,I-28,
4402,1,,I-28,
4403,1,,I-28,
4404,1,,I-28,
4405,1,,I-28,
4406,1,,I-28,
4407,2,,I-6,
4408,1,,I-6,
4409,2,,I-6,
4414,1,4,I-28,8
4415,1,4,I-28,8
4416,1,4,I-28,2
4417,1,4,I-28,2
4457,1,4,K0401,8
4506,1,4,I-25,8
4507,1,4,I-25,
4508,1,4,I-25,
4509,1,4,I-25,8
4510,2,4,I-25,8
4517,1,4,I-28,8
4525,1,8,I-17,
4528,1,4,I-28,8
4529,1,4,I-28,2
4530,2,4,I-25,8
4531,1,4,I-25,8
4532,1,4,I-25,2
4533,1,4,K0401,8
4534,1,4,K0401,8
4535,1,4,K0401,8
4536,1,4,I-6,2
4537,1,4,I-6,8
4538,1,4,I-6,2
4539,1,8,I-17,8
4540,1,4,Z0402,8
4541,1,8,I-17,2
4542,1,8,I-17,2
4543,1,8,I-17,
4544,1,4,I-28,8
4545,1,4,K0401,2
4546,1,4,I-28,2
4547,1,4,I-28,2
4548,1,2,I-21,
4549,1,4,K0401,2
4550,1,4,I-28,2
4551,1,4,K0401,2
4552,1,4,I-28,2
4553,1,4,I-28,2
4554,1,4,I-28,2
4555,1,4,I-6,2
4556,1,4,I-28,2
4557,1,4,I-28,8
4558,1,4,I-28,2
4559,1,8,I-17,2
4560,1,4,I-25,8
4561,1,4,I-25,8
4562,1,4,I-25,8
4563,1,4,I-25,8
4564,1,4,I-25,2
4565,1,4,I-25,2
4566,1,4,I-25,2
4567,2,4,I-25,8
4568,1,4,I-19,
4569,1,4,I-28,2
4570,1,4,I-28,8
4571,1,4,I-6,8
4572,1,4,I-28,2
4573,1,4,I-28,2
4574,1,4,I-28,2
4575,1,8,I-17,2
4576,1,4,Z0402,2
4577,1,8,I-17,2
4578,1,4,I-28,8
4579,1,4,I-28,2
4580,1,4,I-28,2
4581,1,4,I-28,8
4582,1,4,I-28,2
4583,1,4,I-28,2
4584,1,4,I-28,
4585,1,4,I-28,
4586,1,4,I-6,2
4587,1,4,I-6,8
4588,1,4,I-28,2
4589,1,4,I-28,2
4590,1,4,I-28,2
4591,1,4,I-6,
4592,1,4,I-6,8
4593,1,4,I-6,2
4594,1,4,K0401,2
4595,1,4,K0401,2
4596,2,11,W-11,14
4597,1,11,W-11,8
4598,2,11,W-11,8
4599,1,4,K0401,2
4600,1,4,K0401,2
4601,2,4,I-25,8
4602,1,4,I-28,2
4603,1,4,I-28,2
4604,1,4,I-28,2
4605,1,4,I-28,2
4606,1,4,I-28,8
4607,1,4,I-28,8
4608,1,4,I-28,2
4609,1,4,I-28,2
4610,1,4,I-28,2
4611,1,4,I-28,2
4612,1,8,I-17,21
4613,1,8,I-17,1
4614,1,4,I-6,2
4615,1,4,I-6,2
4616,1,4,I-6,
4617,1,4,,2
4618,1,4,I-6,2
4619,1,4,I-6,2
4620,1,4,I-6,2
4621,1,4,I-6,
4622,1,4,I-6,8
4623,1,2,I-21,2
4624,1,4,I-28,8
4625,1,4,I-6,
4626,1,4,I-6,
4627,1,4,I-25,
4628,2,4,I-25,
4629,2,4,I-25,
4630,1,4,I-25,
4631,1,4,I-25,
4632,1,4,I-6,
4633,1,4,I-6,
4634,2,4,I-25,2
4635,1,4,I-6,2
4636,1,4,I-6,
4828,1,4,I-28,
4901,1,4,K0401,
4902,1,4,Z0402,
4903,1,4,Z0401,
4906,1,4,I-6,
4917,1,8,I-17,
4921,1,2,I-21,
4925,1,4,I-25,
4928,2,4,I-28,8
5001,1,,,29
6002,1,6,W-6,
8001,2,2,I-23,
8002,1,8,I-17,
8003,1,8,,1
8006,1,8,,
8007,1,8,,
8009,1,8,,
8016,1,8,CI,
8019,1,8,,
8020,1,8,,
8025,1,8,,
8026,1,8,,
8031,1,8,,
8035,1,8,,
8036,1,8,,
8039,1,8,,
8040,1,8,,
8051,1,8,,
8052,1,8,,
8053,1,8,,
8096,1,8,,
8099,,,,
8203,1,8,I-17,21
8204,1,4,Z0402,1
8205,1,8,I-17,
8206,1,8,I-17,2
8213,1,4,Z0402,
8214,1,4,Z0402,8
8216,1,4,Z0402,30
8217,2,8,I-17,3
8218,1,8,I-17,
8219,1,8,I-17,1
8225,1,8,I-17,30
8228,1,4,Z0402,8
8234,1,8,I-17,
8238,1,8,I-17,2
8240,1,8,I-17,1
8241,1,8,I-17,
8242,1,4,Z0402,
8243,1,8,I-17,
8301,1,8,,1
8302,1,8,,3
8304,1,8,,29
8305,1,8,,3
8308,1,8,,29
8316,1,8,,3
8325,1,8,,15
8327,1,8,,3
8328,1,8,,3
8331,1,8,,3
8334,1,8,,29
8336,1,8,,29
8343,1,8,,29
8351,1,8,,29
8356,1,8,,
8357,2,2,I-23,2
8359,1,8,,3
8360,1,8,,3
8361,1,8,,3
8364,,,,
8367,1,8,,3
8369,1,2,I-23,3
8370,1,8,,3
8374,1,8,,3
8379,1,2,I-23,
8382,1,8,,
8390,1,8,,3
8404,1,8,,3
8407,1,8,,2
8416,,,,
8501,1,8,,3
8502,1,8,,
8503,1,8,,15
8504,1,2,I-23,3
8505,1,8,,3
8506,1,8,,3
8508,1,8,,
8509,1,8,,29
8510,1,8,,15
8511,1,8,,1
8512,1,8,,3
8513,1,8,,3
8515,1,8,,
8516,1,8,,1
8518,1,8,I-23,3
8519,1,8,I-23,29
8521,1,8,,1
8522,1,8,,1
8523,1,8,,3
8524,1,8,I-23,3
8526,1,8,,15
8527,1,8,,1
8528,1,8,,3
8530,1,8,,3
8531,1,8,,3
8532,1,8,,3
8533,1,8,,1
8534,1,8,,
8535,1,8,,
8536,1,8,,
8538,1,8,,3
8539,1,8,,1
8542,1,8,,
8543,1,8,,29
8544,1,8,,
8545,1,8,,3
8546,1,8,,29
8547,1,8,,1
8549,2,8,,1
8550,1,8,,1
8552,1,8,,3
8772,1,8,,29
8900,1,8,,3
9920,,,,
10024,1,2,I-24,
10025,1,2,I-24,24
10161,1,,I-16,
10231,1,,I-16,
10266,1,,,
10311,1,,I-16,
10312,1,,,
10314,1,,W-10,
10616,1,,,3
10675,1,,I-24,
10680,1,,W-10,
10741,1,,,29
10916,1,10,I-16,
11001,1,11,I-18,3
11002,1,11,I-18,
11003,1,11,I-18,1
11004,2,11,I-18,1
11005,2,11,I-18,3
11006,1,11,I-18,29
11007,1,11,I-18,
11008,1,11,I-18,1
11009,2,11,I-18,8
11010,1,11,I-18,
11011,1,11,I-18,3
11012,1,11,I-18,
11013,1,11,I-18,
11014,1,11,I-18,30
11015,1,11,I-18,3
11016,1,11,I-18,3
11017,1,11,I-18,30
11018,2,11,I-18,3
11019,1,11,I-18,3
11020,1,11,I-18,
11021,1,11,I-18,3
11022,1,11,I-18,29
11023,2,11,I-18,
11024,1,11,I-18,14
11025,2,11,I-18,1
11026,2,11,I-18,3
11027,1,11,I-18,
11028,2,11,I-18,1
11029,1,11,I-18,3
11030,2,11,I-18,1
11031,2,11,I-18,3
11032,2,11,I-18,3
11033,1,11,I-18,3
11034,1,11,I-18,30
11035,2,11,I-18,
11036,1,11,I-18,3
11037,1,11,I-18,3
11038,1,11,I-18,3
11039,1,11,I-18,1
11040,2,11,I-18,
11041,1,11,I-18,29
11043,2,11,I-18,1
11044,2,11,I-18,29
11046,1,11,I-18,3
11047,1,11,I-18,3
11048,1,11,I-18,
11049,1,11,I-18,18
11050,1,11,I-18,
11051,1,11,I-18,29
11052,1,11,I-18,1
11053,2,11,I-18,
11054,1,11,I-18,1
11055,1,11,I-18,1
11056,1,11,I-18,3
11057,1,11,I-18,
11058,1,11,I-18,3
11059,2,11,I-18,3
11060,2,11,I-18,3
11061,1,11,I-18,1
11062,1,11,I-18,3
11063,1,11,I-18,
11064,1,11,I-18,29
11065,1,11,I-18,3
11066,1,11,I-18,
11067,1,11,I-18,
11068,1,11,I-18,
11069,2,11,I-18,
11070,1,11,I-18,
11071,1,11,I-18,3
11072,1,11,I-18,
11073,1,11,I-18,3
11074,2,11,I-18,
11075,1,11,I-18,
11076,1,11,I-18,15
11077,1,11,I-18,
11078,2,11,I-18,3
11079,1,11,I-18,1
11080,1,11,I-18,
11081,1,11,I-18,3
11082,1,11,I-18,3
11083,1,11,I-18,3
11084,1,11,I-18,1
11085,1,11,I-18,1
11086,1,11,I-18,
11087,1,11,I-18,
11088,1,11,I-18,
11089,2,11,I-18,3
11090,1,11,I-18,3
11091,1,11,I-18,3
11092,1,11,I-18,29
11093,1,11,I-18,3
11094,1,11,I-18,
11095,1,11,I-18,3
11096,2,11,I-18,3
11097,1,11,I-18,3
11098,1,11,I-18,3
11099,1,11,I-18,3
11100,1,11,I-18,3
11101,1,11,I-18,29
11102,1,11,I-18,3
11103,1,11,I-18,3
11104,1,11,I-18,3
11105,1,11,I-18,1
11107,1,11,I-18,
11109,1,11,I-18,3
11110,1,11,I-18,
11111,1,11,I-18,1
11112,1,11,I-18,
11113,1,11,I-18,
11114,2,11,I-18,
11115,1,11,I-18,1
11116,1,11,I-18,1
11117,1,11,I-18,1
11118,1,11,I-18,
11119,1,11,I-18,
11121,1,11,I-18,3
11122,1,11,I-18,1
11123,1,11,I-18,1
11124,1,11,I-18,3
11125,1,11,I-18,
11126,1,11,I-18,1
11127,1,11,I-18,
11128,1,11,I-18,
11129,2,11,I-18,
11130,1,11,I-18,
11131,1,11,I-18,
11132,1,11,I-18,
11133,1,11,I-18,3
11134,1,11,I-18,
11135,2,11,I-18,
11136,1,11,I-18,
11139,1,11,I-18,
11140,1,11,I-18,
11144,1,11,I-18,
11152,1,11,I-18,
11154,1,11,I-18,
11159,1,11,I-18,
11166,1,11,I-18,
11167,1,11,I-18,
11184,1,,I-18,
11188,1,,I-18,
11201,1,11,I-18,
11202,1,11,I-18,
11203,1,11,I-18,
11204,1,11,I-18,8
11205,2,11,I-18,
11206,1,11,I-18,
11207,1,11,I-18,
11208,2,11,I-18,
11209,1,11,I-18,
11210,1,11,I-18,
11211,2,11,I-18,
11212,1,11,I-18,
11213,1,11,I-18,
11214,1,11,I-18,
11215,1,11,I-18,
11294,1,11,I-18,
11301,1,11,I-9,3
11302,1,11,I-9,
11303,1,11,I-9,3
11304,1,11,I-9,1
11305,1,11,I-9,3
11306,1,11,I-9,3
11307,1,11,I-9,1
11309,1,11,I-18,
11310,1,11,I-9,
11311,1,11,I-9,
11312,1,11,I-9,3
11313,1,11,I-9,
11314,1,11,I-9,3
11315,1,11,I-9,14
11316,1,11,I-9,
11317,1,11,I-9,8
11318,1,11,I-9,
11319,1,11,I-9,
11321,1,11,I-9,3
11322,1,11,I-9,1
11323,1,11,I-9,
11324,1,11,I-9,3
11325,1,11,I-9,29
11326,1,11,I-9,
11327,1,11,I-9,
11328,1,11,I-9,3
11329,1,11,I-9,1
11330,1,11,I-9,3
11331,1,11,I-9,
11332,1,11,I-9,2
11333,1,11,I-9,
11334,1,11,I-9,
11336,1,11,I-9,
11337,1,11,I-9,15
11338,1,11,I-9,3
11339,1,11,I-9,14
11340,1,11,I-9,3
11341,1,11,I-9,29
11342,1,11,I-9,3
11344,1,11,I-9,3
11345,1,11,I-9,
11346,1,11,I-9,3
11347,1,11,I-9,3
11348,1,11,I-9,3
11349,1,11,I-9,
11350,2,11,I-9,3
11351,1,11,I-9,29
11352,1,11,I-9,3
11353,1,11,I-9,
11354,1,11,I-9,3
11355,1,11,I-9,
11356,1,11,I-9,
11357,1,11,I-9,
11358,1,11,I-9,
11359,1,11,I-9,
11360,1,11,I-9,
11361,1,11,I-9,29
11362,1,11,I-9,
11363,1,11,I-9,
11364,1,11,I-9,
11365,1,11,I-9,
11366,1,11,I-9,3
11367,1,11,I-9,15
11368,1,11,I-9,3
11369,1,11,I-9,15
11370,1,11,I-9,
11371,1,11,I-9,15
11372,1,11,I-9,8
11373,1,11,I-9,3
11374,1,11,I-9,
11375,1,11,I-9,1
11376,1,11,I-9,3
11377,1,11,I-9,3
11378,1,11,I-9,
11379,1,11,I-9,
11380,1,11,I-9,
11381,1,11,I-9,
11382,1,11,I-9,
11383,1,11,I-9,8
11384,1,11,I-9,
11385,1,11,I-9,3
11386,1,11,I-9,3
11388,1,11,I-9,3
11389,1,11,I-9,3
11390,1,11,I-9,3
11391,1,11,I-9,
11392,1,11,I-9,
11393,1,11,I-9,
11394,1,11,I-9,3
11395,1,11,I-9,3
11396,1,11,I-9,
11397,1,11,I-9,
11398,1,11,I-9,3
11399,1,11,I-9,
11400,1,11,I-9,3
11401,1,11,I-9,1
11402,1,11,I-9,3
11403,1,11,I-9,
11404,1,11,I-9,
11405,1,11,I-9,3
11406,1,11,I-9,
11407,1,11,I-9,1
11408,1,11,I-9,1
11409,1,11,I-9,1
11410,1,11,I-9,
11411,1,11,I-9,1
11412,1,11,I-9,
11413,1,11,I-9,
11414,1,11,I-9,1
11415,1,11,I-9,
11416,1,11,I-9,
11417,1,11,I-9,1
11418,1,11,I-9,1
11419,1,11,I-9,
11420,1,11,I-9,
11421,1,11,I-9,
11422,1,11,I-9,3
11423,1,11,I-9,
11424,1,11,I-9,
11425,1,11,I-9,
11426,1,11,I-9,
11427,1,11,I-9,3
11428,2,11,I-9,3
11429,1,11,I-9,1
11431,1,11,I-9,3
11432,1,11,I-9,
11433,2,11,I-9,1
11435,1,,I-9,
11436,1,,I-9,
11438,1,11,I-9,
11439,2,11,I-9,1
11440,2,11,I-9,
11441,2,11,I-9,
11444,2,11,I-9,
11445,2,11,I-9,
11447,1,11,I-9,
11450,1,11,I-9,
11453,1,11,I-9,
11454,1,11,I-9,
11461,2,11,I-9,
11466,1,,I-9,
11467,2,,I-9,
11468,2,,I-9,
11918,1,11,I-18,
20042,,,,8
21001,2,21,SJO,1
21002,2,21,SJO,1
21003,2,21,SJO,
21004,2,21,SJO,1
21005,2,21,SJO,
21006,2,21,SJO,
21007,2,21,SJO,
21008,2,21,SJO,
21009,2,21,SJO,1
21010,2,21,SJO,1
21011,2,21,SJO,1
21012,2,21,SJO,1
21013,2,21,SJO,1
21014,2,21,SJO,
21015,2,21,SJO,1
21016,2,21,SJO,1
21017,2,21,SJO,1
21018,2,21,SJO,1
21019,2,21,SJO,1
21020,2,21,SJO,1
21021,2,21,SJO,1
21022,2,21,SJO,1
21023,2,21,SJO,
21024,2,21,SJO,1
21025,2,21,SJO,1
21026,2,21,SJO,
21027,2,21,SJO,1
21028,2,21,SJO,1
21029,2,21,SJO,1
21030,2,21,SJO,1
21031,2,21,SJO,
21032,2,21,SJO,1
21033,2,21,SJO,
21034,2,21,SJO,1
21035,2,21,SJO,1
21036,2,21,SJO,1
21037,2,21,SJO,1
21038,2,21,SJO,1
21039,2,21,SJO,1
21040,2,21,SJO,
21041,2,21,SJO,1
21042,2,21,SJO,
21043,2,21,SJO,
21044,2,21,SJO,3
21045,2,21,SJO,1
21046,2,21,SJO,1
21047,2,21,SJO,1
21048,2,21,SJO,1
21049,2,21,SJO,1
21050,2,21,SJO,1
21051,2,21,SJO,
21052,2,21,SJO,1
21053,2,21,SJO,1
21054,2,21,SJO,1
21055,2,21,SJO,
21056,2,21,SJO,1
21057,2,21,SJO,3
21058,2,21,SJO,
21059,2,21,SJO,1
21060,2,21,SJO,1
21061,2,21,SJO,
21062,2,21,SJO,1
21063,2,21,SJO,1
21064,2,21,SJO,1
21065,2,21,SJO,1
21066,2,21,SJO,1
21067,2,21,SJO,
21068,2,21,SJO,1
21069,2,21,SJO,1
21070,2,21,SJO,1
21071,2,21,SJO,
21072,2,21,SJO,1
21073,2,21,SJO,1
21074,2,21,SJO,
21075,2,21,SJO,1
21076,2,21,SJO,1
21077,2,21,SJO,1
21078,2,21,SJO,1
21079,2,21,SJO,1
21080,2,21,SJO,
21081,2,21,SJO,
21082,2,21,SJO,1
21083,2,21,SJO,1
21084,2,21,SJO,
21085,2,21,SJO,
21086,2,21,SJO,3
21087,2,21,SJO,1
21088,2,21,SJO,3
21089,2,21,SJO,1
21090,2,21,SJO,1
21091,2,21,SJO,1
21092,2,21,SJO,
21093,2,21,SJO,
21094,2,21,SJO,1
21095,2,21,SJO,1
21096,2,21,SJO,
21097,2,21,SJO,
21098,2,21,SJO,
21099,2,21,SJO,1
21100,2,21,SJO,1
21101,2,21,SJO,1
21102,2,21,SJO,1
21103,2,21,SJO,1
21104,2,21,SJO,
21105,2,21,SJO,
21106,2,21,SJO,
21107,2,21,SJO,
21108,2,21,SJO,
21109,2,21,SJO,
21110,2,21,SJO,
21111,2,21,SJO,
21112,2,21,SJO,
21113,2,21,SJO,
21114,2,21,SJO,
21115,2,21,SJO,
21116,2,21,SJO,1
21117,2,21,SJO,1
21118,2,21,SJO,1
21119,2,21,SJO,1
21120,2,21,SJO,
21132,,,,
21133,,,,
21134,,,,
21135,,,,
21136,,,,
21137,,,,
21138,,,,
21139,,,,
21140,,,,
21142,,,,
21144,,,,
21145,,,,
21147,,,,
21148,,,,
21149,,,,
21150,,,,
21151,,,,
21152,,,,
23000,,,,
23001,1,23,SWF,
23002,2,23,SWF,
23003,1,23,SWF,
23004,1,23,SWF,
23005,1,23,SWF,
23006,2,23,SWF,
23007,1,23,SWF,
23008,1,23,SWF,
23009,1,23,SWF,
23010,1,23,SWF,1
23011,1,23,SWF,
23012,1,23,SWF,
23013,1,23,SWF,
23014,2,23,SWF,
23015,1,23,SWF,
23016,1,23,SWF,
23017,1,23,SWF,1
23018,2,23,SWF,
23019,2,23,SWF,
23020,2,23,SWF,
23021,1,23,SWF,
23022,1,23,SWF,
23023,1,23,SWF,
23024,1,23,SWF,
23025,1,23,SWF,
23026,2,23,SWF,
23027,1,23,SWF,
23028,1,23,SWF,
23029,1,23,SWF,
23030,1,23,SWF,
23031,2,23,SWF,
23032,1,23,SWF,
23033,1,23,SWF,
23034,1,23,SWF,
23035,1,23,SWF,
23036,1,23,SWF,
23037,1,23,SWF,
23038,1,23,SWF,
23039,1,23,SWF,
23040,1,23,SWF,3
23041,2,23,SWF,
23042,1,23,SWF,
23043,2,23,SWF,
23044,1,23,SWF,
23045,1,23,SWF,
23046,1,23,SWF,
23047,1,23,SWF,
23048,1,23,SWF,
23049,1,23,SWF,
23050,2,23,SWF,
23051,1,23,SWF,3
23052,,,,
23053,,,,
23055,,,,
23056,,,,
23999,1,23,SWF,
30113,,,,3
40407,,,,30
41137,,,,3
99999,1,,W-04,
